image,name,prices
https://static.chemistwarehouse.com.au/ams/media/pi/67491/hero_150.jpg, Swisse Ultiboost Calcium + Vitamin D 150 Tablets,$12.99
https://static.chemistwarehouse.com.au/ams/media/pi/80460/hero_150.jpg, Swisse Ultiboost Liver Detox 200 Tablets,$26.99
https://static.chemistwarehouse.com.au/ams/media/pi/80461/hero_150.jpg, Swisse Ultiboost Grape Seed 14250mg 300 Tablets,$29.99
https://static.chemistwarehouse.com.au/ams/media/pi/66552/hero_150.jpg, Swisse Ultiboost Liver Detox 120 Tablets,$21.99
https://static.chemistwarehouse.com.au/ams/media/pi/74651/hero_150.jpg, Swisse Ultiboost High Strength Vitamin C 60 Effervescent Tablets,$19.99
https://static.chemistwarehouse.com.au/ams/media/pi/80611/hero_150.jpg, Swisse Ultiboost High Strength Cranberry 90 Capsules,$37.99
https://static.chemistwarehouse.com.au/ams/media/pi/66553/hero_150.jpg, Swisse Children's Ultivite 120 Tablets,$14.99
https://static.chemistwarehouse.com.au/ams/media/pi/58108/hero_150.jpg, Swisse Ultiboost Sleep 100 Tablets,$15.99
https://static.chemistwarehouse.com.au/ams/media/pi/58348/hero_150.jpg, Swisse Ultiboost Hair Skin Nails+ 100 Tablets,$19.99
https://static.chemistwarehouse.com.au/ams/media/pi/55511/hero_150.jpg, Swisse Men's Ultivite 120 Tablets,$29.99
https://static.chemistwarehouse.com.au/ams/media/pi/80462/hero_150.jpg, Swisse Ultiboost High Strength Propolis 2000mg 300 Capsules,$25.99
https://static.chemistwarehouse.com.au/ams/media/pi/63080/hero_150.jpg, Swisse Ultiboost Hair Skin Nails 500ml,$25.99
https://static.chemistwarehouse.com.au/ams/media/pi/52658/hero_150.jpg, Swisse Women's Ultivite 120 Tablets,$29.99
https://static.chemistwarehouse.com.au/ams/media/pi/73685/hero_150.jpg," Swisse Grape Seed 14,250mg 180 Tablets",$22.99
https://static.chemistwarehouse.com.au/ams/media/pi/67497/hero_150.jpg," Swisse Ultiboost High Strength Cranberry 25,000mg 30 Capsules",$15.49
https://static.chemistwarehouse.com.au/ams/media/pi/74932/hero_150.jpg, Swisse High Strength Celery 5000mg 50 Capsules,$12.99
https://static.chemistwarehouse.com.au/ams/media/pi/67494/hero_150.jpg, Swisse Ultiboost High Strength Deep Sea Krill Oil 1000mg 60 Capsules Exclusive Size,$34.99
https://static.chemistwarehouse.com.au/ams/media/pi/57049/hero_150.jpg, Swisse Ultiboost Memory + Focus 50 Tablets,$18.49
https://static.chemistwarehouse.com.au/ams/media/pi/79443/hero_150.jpg, Swisse Kids Multivitamin 50 Chewable Tablets,$9.99
https://static.chemistwarehouse.com.au/ams/media/pi/56439/hero_150.jpg, Swisse Ultiboost Prostate 50 Tablets,$22.99
https://static.chemistwarehouse.com.au/ams/media/pi/72686/hero_150.jpg, Swisse Ultiboost Odourless Wild Fish Oil 1000mg 500 Capsules Exclusive Size,$19.99
https://static.chemistwarehouse.com.au/ams/media/pi/70258/hero_150.jpg, Swisse Ultiboost Evening Primrose Oil 200 Capsules,$20.99
https://static.chemistwarehouse.com.au/ams/media/pi/59774/hero_150.jpg, Swisse Ultiboost Iron 30 Tablets,$6.99
https://static.chemistwarehouse.com.au/ams/media/pi/67489/hero_150.jpg, Swisse Ultiboost Odourless High Strength Wild Fish Oil 1500mg 400 Capsules,$28.49
https://static.chemistwarehouse.com.au/ams/media/pi/69367/hero_150.jpg, Healthy Care Propolis 2000mg 200 Capsules,$22.99
https://static.chemistwarehouse.com.au/ams/media/pi/70243/hero_150.jpg, Healthy Care Super Lecithin 1200mg 100 Capsules,$8.49
https://static.chemistwarehouse.com.au/ams/media/pi/67884/hero_150.jpg, Healthy Care CoEnzyme Q10 150mg 100 Capsules,$25.99
https://static.chemistwarehouse.com.au/ams/media/pi/70245/hero_150.jpg, Healthy Care Propolis Liquid Alcohol Free 25ml,$8.49
https://static.chemistwarehouse.com.au/ams/media/pi/69364/hero_150.jpg, Healthy Care Anti Ageing Gold Flake Face Serum 50ml,$13.99
https://static.chemistwarehouse.com.au/ams/media/pi/63922/hero_150.jpg, Healthy Care Ginkgo Biloba 2000 100 Capsules,$13.49
https://static.chemistwarehouse.com.au/ams/media/pi/52496/hero_150.jpg, Healthy Care Fish Oil 1000mg 400 Capsules,$14.99
https://static.chemistwarehouse.com.au/ams/media/pi/74143/hero_150.jpg, Healthy Care Lanolin Cream With Evening Primrose Oil 100g,$4.99
https://static.chemistwarehouse.com.au/ams/media/pi/56237/hero_150.jpg, Healthy Care Royal Jelly 1000 365 Capsules,$41.99
https://static.chemistwarehouse.com.au/ams/media/pi/75460/hero_150.jpg, Healthy Care Goat Milk Vanilla Flavour Chewable 300 Tablets,$10.49
https://static.chemistwarehouse.com.au/ams/media/pi/62704/hero_150.jpg, Healthy Care Colostrum Powder 300g,$19.99
https://static.chemistwarehouse.com.au/ams/media/pi/74325/hero_150.jpg, Healthy Care Emu Heat Oil 100mL,$8.99
https://static.chemistwarehouse.com.au/ams/media/pi/74265/hero_150.jpg, Healthy Care Lanolin Cream With Grape Seed 100g,$4.99
https://static.chemistwarehouse.com.au/ams/media/pi/85972/hero_150.jpg, Healthy Care Kids High DHA 60 Capsules,$11.99
https://static.chemistwarehouse.com.au/ams/media/pi/74363/hero_150.jpg, Healthy Care Sheep Placenta 5000mg 100,$29.99
https://static.chemistwarehouse.com.au/ams/media/pi/68507/hero_150.jpg, Healthy Care Lanolin with Sheep Placenta 100g,$7.49
https://static.chemistwarehouse.com.au/ams/media/pi/56837/hero_150.jpg, Healthy Care Super Colostrum 400mg 200 Chewable Tablets,$24.99
https://static.chemistwarehouse.com.au/ams/media/pi/72383/hero_150.jpg, Healthy Care Wild Krill Oil 1000mg 60 Capsules,$26.99
https://static.chemistwarehouse.com.au/ams/media/pi/75459/hero_150.jpg, Healthy Care Super Cranberry 25000 90 Capsules,$13.99
https://static.chemistwarehouse.com.au/ams/media/pi/70246/hero_150.jpg, Healthy Care Bilberry & Lutein 120 Capsules,$19.49
https://static.chemistwarehouse.com.au/ams/media/pi/81984/hero_150.jpg, Healthy Care Resveratrol 180 Capsules,$15.49
https://static.chemistwarehouse.com.au/ams/media/pi/65467/hero_150.jpg, Healthy Care Grape Seed Extract 12000 Gold Jar 300 Capsules,$26.99
https://static.chemistwarehouse.com.au/ams/media/pi/56238/hero_150.jpg, Healthy Care Squalene 1000mg 200 Capsules,$31.99
https://static.chemistwarehouse.com.au/ams/media/pi/60194/hero_150.jpg, Healthy Care Ultimate Omega 3-6-9 200 Capsules,$16.99
https://static.chemistwarehouse.com.au/ams/media/pi/62714/hero_150.jpg, Nature's Way Kids Smart Vita Gummies Multi Vitamin & Vegies 60 Gummies,$9.49
https://static.chemistwarehouse.com.au/ams/media/pi/64965/hero_150.jpg, Nature's Way Kids Smart Vita Gummies Calcium 60 Pastilles,$9.49
https://static.chemistwarehouse.com.au/ams/media/pi/62713/hero_150.jpg, Nature's Way Kids Smart Vita Gummies Vitamin C 60 Gummies,$9.49
https://static.chemistwarehouse.com.au/ams/media/pi/59657/hero_150.jpg, Nature's Way Kids Smart Omega3 Fish Oil Trio 180 Capsules,$34.99
https://static.chemistwarehouse.com.au/ams/media/pi/67901/hero_150.jpg, Nature's Way Kids Smart Vita Gummies Immunity 60 Pastilles,$9.49
https://static.chemistwarehouse.com.au/ams/media/pi/66542/hero_150.jpg, Nature's Way Kids Probiotic Balls 50,$14.49
https://static.chemistwarehouse.com.au/ams/media/pi/80272/hero_150.jpg, Nature's Way Kids Smart DHA 300mg Triple Strength 50 Soft Capsules,$14.99
https://static.chemistwarehouse.com.au/ams/media/pi/60201/hero_150.jpg, Nature's Way Protein Vanilla 375g,$16.99
https://static.chemistwarehouse.com.au/ams/media/pi/62711/hero_150.jpg, Natures Way Complete Daily Multivitamin 200 Tablets,$12.49
https://static.chemistwarehouse.com.au/ams/media/pi/75453/hero_150.jpg, Nature's Way Vita Gummies Adult Womens Multivitamin 100,$12.99
https://static.chemistwarehouse.com.au/ams/media/pi/64966/hero_150.jpg, Nature's Way Kids Smart Vita Gummies Multi Vitamin for Fussy Eaters 60 Pastilles,$9.49
https://static.chemistwarehouse.com.au/ams/media/pi/54646/hero_150.jpg, Nature's Way Ginkgo Biloba 2000MG 100+20 Tablets,$13.49
https://static.chemistwarehouse.com.au/ams/media/pi/77366/hero_150.jpg, Nature's Way Vita Gummies Adult Hair Skin Nail 60 Gummies,$12.99
https://static.chemistwarehouse.com.au/ams/media/pi/88002/hero_150.jpg, Nature's Way Apple Cider Vinegar Diet 60 Tablets,$22.49
https://static.chemistwarehouse.com.au/ams/media/pi/87299/hero_150.jpg, Nature's Way Instant Natural Protein 375g,$16.99
https://static.chemistwarehouse.com.au/ams/media/pi/77889/hero_150.jpg, Nature's Way Activated Curcumin Clinical Strength 30 Tablets,$20.49
https://static.chemistwarehouse.com.au/ams/media/pi/62966/hero_150.jpg, Nature's Way Joint Restore Triple Action 120 Tablets,$39.49
https://static.chemistwarehouse.com.au/ams/media/pi/86155/hero_150.jpg, Nature's Way Beauty Collagen Shots 10 x 50ml,$25.99
https://static.chemistwarehouse.com.au/ams/media/pi/86746/hero_150.jpg, Nature's Way Hemp Oil Pure 1000mg 60 Capsules,$14.99
https://static.chemistwarehouse.com.au/ams/media/pi/65056/hero_150.jpg, Nature's Way Vita Gummies Adult Omega-3 110 Gummies,$12.99
https://static.chemistwarehouse.com.au/ams/media/pi/52588/hero_150.jpg, Nature's Way Kids Smart Calcium + Vitamin D 50 Chewable Capsules,$14.49
https://static.chemistwarehouse.com.au/ams/media/pi/80275/hero_150.jpg, Nature's Way Beauty Collagen 40 Gummies,$15.99
https://static.chemistwarehouse.com.au/ams/media/pi/75452/hero_150.jpg, Nature's Way Vita Gummies Adult Daily Probiotic 80,$12.99
https://static.chemistwarehouse.com.au/ams/media/pi/66282/hero_150.jpg, Nature's Way Vita Gummies Adult Fibre 110 Gummies,$12.99
https://static.chemistwarehouse.com.au/ams/media/pi/67873/hero_150.jpg, Karicare+ 4 Toddler Growing Up Milk From 2 years 900g,$15.99
https://static.chemistwarehouse.com.au/ams/media/pi/68469/hero_150.jpg, NAN Comfort Formula Step 1 800g,$16.99
https://static.chemistwarehouse.com.au/ams/media/pi/82711/hero_150.jpg, Bubs Goat Toddler Formula 800g Online Only,$33.69
https://static.chemistwarehouse.com.au/ams/media/pi/85209/hero_150.jpg, S26 Gold Alula Junior 900g,$19.49
https://static.chemistwarehouse.com.au/ams/media/pi/67872/hero_150.jpg, Karicare+ 3 Toddler Growing Up Milk From 1 year 900g,$15.99
https://static.chemistwarehouse.com.au/ams/media/pi/89391/hero_150.jpg, Aptamil Gold+ 3 AllerPro Toddler Milk Drink 12 Months+ 900g,$27.99
https://static.chemistwarehouse.com.au/ams/media/pi/82649/hero_150.jpg, Oli6 Goat Formula Stage 3 Dairy Goat Toddler Formula,$35.99
https://static.chemistwarehouse.com.au/ams/media/pi/68468/hero_150.jpg, NAN Comfort Formula Step 2 800g,$16.99
https://static.chemistwarehouse.com.au/ams/media/pi/63149/hero_150.jpg, Aptamil Gold+ HA Infant Formula From Birth 0-12 Months 900g,$26.49
https://static.chemistwarehouse.com.au/ams/media/pi/68814/hero_150.jpg, Aptamil Gold+ 2 AllerPro Follow-On Formula 6-12 Months 900g,$28.49
https://static.chemistwarehouse.com.au/ams/media/pi/78396/hero_150.jpg, Blackmores Toddler Milk Drink 900g,$19.99
https://static.chemistwarehouse.com.au/ams/media/pi/85214/hero_150.jpg, S26 Gold Alula Toddler 900g,$19.49
https://static.chemistwarehouse.com.au/ams/media/pi/78811/hero_150.jpg, NAN Supreme Formula 3 800g,$18.99
https://static.chemistwarehouse.com.au/ams/media/pi/88587/hero_150.jpg, Munchkin Grass Fed Milk-Based Toddler Drink Stage 3 730g Online Only,$23.99
https://static.chemistwarehouse.com.au/ams/media/pi/78809/hero_150.jpg, NAN Supreme Formula 1 800g,$24.99
https://static.chemistwarehouse.com.au/ams/media/pi/66492/hero_150.jpg, NAN Optipro Toddler Stage 3 800g,$15.99
https://static.chemistwarehouse.com.au/ams/media/pi/85212/hero_150.jpg, S26 Gold Alula Progress 900g,$22.99
https://static.chemistwarehouse.com.au/ams/media/pi/68395/hero_150.jpg, Karicare+ 2 Follow-On Formula From 6 months 900g,$19.69
https://static.chemistwarehouse.com.au/ams/media/pi/78810/hero_150.jpg, NAN Supreme Formula 2 800g,$24.99
https://static.chemistwarehouse.com.au/ams/media/pi/66326/hero_150.jpg, Neocate Gold 400g,$49.69
https://static.chemistwarehouse.com.au/ams/media/pi/88592/hero_150.jpg, Pediasure Chocolate 850g,$44.49
https://static.chemistwarehouse.com.au/ams/media/pi/63868/hero_150.jpg, NAN Optipro Gold Stage 1 Infant 800g,$21.49
https://static.chemistwarehouse.com.au/ams/media/pi/82648/hero_150.jpg, Oli6 Goat Formula Stage 2 Dairy Goat Follow On Formula,$35.99
https://static.chemistwarehouse.com.au/ams/media/pi/83653/hero_150.jpg, NAN Formula Comfort Step 3 800g,$12.99
https://static.chemistwarehouse.com.au/ams/media/pi/55294/hero_150.jpg, Blackmores Natural Vitamin E Cream 50g,$6.79
https://static.chemistwarehouse.com.au/ams/media/pi/58934/hero_150.jpg, Blackmores Glucosamine Sulfate 1500mg One-A-Day 180 Tablets,$24.99
https://static.chemistwarehouse.com.au/ams/media/pi/50953/hero_150.jpg, Blackmores Pregnancy and Breastfeeding Gold 180 Capsules,$42.99
https://static.chemistwarehouse.com.au/ams/media/pi/75526/hero_150.jpg, Blackmores Odourless Fish Oil 400 Mini Capsules,$19.99
https://static.chemistwarehouse.com.au/ams/media/pi/65960/hero_150.jpg, Blackmores Omega Triple Concentrated Fish Oil 150 Capsules,$24.99
https://static.chemistwarehouse.com.au/ams/media/pi/53030/hero_150.jpg, Blackmores Evening Primrose Oil 190 Capsules,$19.99
https://static.chemistwarehouse.com.au/ams/media/pi/42930/hero_150.jpg, Blackmores Bio C 1000mg 150 Tablets Vitamin C,$21.99
https://static.chemistwarehouse.com.au/ams/media/pi/55278/hero_150.jpg, Blackmores Total Calcium & Magnesium + D3 200 Tablets,$19.99
https://static.chemistwarehouse.com.au/ams/media/pi/42131/hero_150.jpg, Blackmores Celery 3000 50 Tablets,$8.99
https://static.chemistwarehouse.com.au/ams/media/pi/70735/hero_150.jpg, Blackmores Pregnancy Iron 30 Tablets,$9.99
https://static.chemistwarehouse.com.au/ams/media/pi/70120/hero_150.jpg, Blackmores Lutein Defence 60 Tablets,$32.49
https://static.chemistwarehouse.com.au/ams/media/pi/58938/hero_150.jpg, Blackmores Joint Formula Advanced 120 Tablets,$34.99
https://static.chemistwarehouse.com.au/ams/media/pi/61715/hero_150.jpg, Blackmores Sugar Balance 90 Tablets,$8.99
https://static.chemistwarehouse.com.au/ams/media/pi/68994/hero_150.jpg, Blackmores Lyprinol Marine Value Pack 100 Capsules,$39.99
https://static.chemistwarehouse.com.au/ams/media/pi/88405/hero_150.jpg, Blackmores Bilberry Eye Support Advanced 30 Tablets,$9.99
https://static.chemistwarehouse.com.au/ams/media/pi/55300/hero_150.jpg, Blackmores Odourless Fish Oil 1000mg 400 Capsules,$20.49
https://static.chemistwarehouse.com.au/ams/media/pi/75527/hero_150.jpg, Blackmores Conceive Well Men 28 Capsules,$20.99
https://static.chemistwarehouse.com.au/ams/media/pi/73360/hero_150.jpg, Blackmores CoQ10 150mg 125 Capsules Exclusive Size,$34.99
https://static.chemistwarehouse.com.au/ams/media/pi/50982/hero_150.jpg, Blackmores Macu Vision 150 Tablets,$24.99
https://static.chemistwarehouse.com.au/ams/media/pi/66423/hero_150.jpg, Blackmores Odourless Fish Oil 1000mg Bulk Pack 500 Capsules,$26.99
https://static.chemistwarehouse.com.au/ams/media/pi/50010/hero_150.jpg, Blackmores Fish Oil 1000mg 400 Capsules,$17.99
https://static.chemistwarehouse.com.au/ams/media/pi/49248/hero_150.jpg, Blackmores Nails Hair & Skin 60 Tablets,$14.49
https://static.chemistwarehouse.com.au/ams/media/pi/52100/hero_150.jpg, Blackmores Conceive Well Gold 28 Tablets + 28 Capsules,$19.99
https://static.chemistwarehouse.com.au/ams/media/pi/82134/hero_150.jpg, Blackmores Probiotics+ Womens Flora Balance 30 Capsules,$24.49
https://static.chemistwarehouse.com.au/ams/media/pi/69162/hero_150.jpg, Swisse Ultiboost Vitamin D 400 Capsules,$22.99
https://static.chemistwarehouse.com.au/ams/media/pi/67499/hero_150.jpg, Swisse High Strength Organic Spirulina 1000mg 200 Tablets,$29.99
https://static.chemistwarehouse.com.au/ams/media/pi/79446/hero_150.jpg, Swisse Kids Probiotic 40 Chewable Tablets,$9.99
https://static.chemistwarehouse.com.au/ams/media/pi/31581/hero_150.jpg, Swisse Men's Ultivite 60 Tablets,$19.99
https://static.chemistwarehouse.com.au/ams/media/pi/79447/hero_150.jpg, Swisse Kids Vitamin C + Zinc 50 Chewable Tablets,$9.99
https://static.chemistwarehouse.com.au/ams/media/pi/69163/hero_150.jpg, Swisse Ultiboost Magnesium 200 Tablets,$26.99
https://static.chemistwarehouse.com.au/ams/media/pi/77526/hero_150.jpg, Swisse Ultiboost Lung Health Support 90 Tablets,$30.99
https://static.chemistwarehouse.com.au/ams/media/pi/31587/hero_150.jpg, Swisse Women's Ultivite 60 Tablets,$19.99
https://static.chemistwarehouse.com.au/ams/media/pi/67970/hero_150.jpg, Swisse Ultiboost Relax & Sleep 60 Tablets,$24.99
https://static.chemistwarehouse.com.au/ams/media/pi/70153/hero_150.jpg, Swisse Ultiboost Menopause Balance 60 Tablets,$25.99
https://static.chemistwarehouse.com.au/ams/media/pi/75063/hero_150.jpg, Swisse Glucosamine Sulfate 1500mg 180 Tablets,$29.99
https://static.chemistwarehouse.com.au/ams/media/pi/71935/hero_150.jpg, Swisse Ultiboost High Strength Vitamin B12 60 Tablets,$13.49
https://static.chemistwarehouse.com.au/ams/media/pi/67493/hero_150.jpg, Swisse Chlorophyll Mixed Berry 500ml,$12.99
https://static.chemistwarehouse.com.au/ams/media/pi/83140/hero_150.jpg, Swisse Kids Brain DHA 30 Capsules,$9.99
https://static.chemistwarehouse.com.au/ams/media/pi/66485/hero_150.jpg, Swisse Ultiboost Co-Enzyme Q10 150mg 50 Capsules,$22.99
https://static.chemistwarehouse.com.au/ams/media/pi/74931/hero_150.jpg, Swisse Ultiboost Lecithin 1200mg 150 Caps,$19.99
https://static.chemistwarehouse.com.au/ams/media/pi/64872/hero_150.jpg, Swisse Ultiboost Zinc+ 60 Tablets,$12.99
https://static.chemistwarehouse.com.au/ams/media/pi/71933/hero_150.jpg, Swisse Ultiboost Joint Repair 90 Tablets,$21.99
https://static.chemistwarehouse.com.au/ams/media/pi/58346/hero_150.jpg, Swisse Women's Ultivite 50+ 90 Tablets,$47.99
https://static.chemistwarehouse.com.au/ams/media/pi/67495/hero_150.jpg, Swisse Ultiboost Hair Skin Nails+ 180 Tablets Exclusive Size,$33.99
https://static.chemistwarehouse.com.au/ams/media/pi/88024/hero_150.jpg, Swisse Kids Eye Health 30 Capsules,$9.99
https://static.chemistwarehouse.com.au/ams/media/pi/81465/hero_150.jpg, Swisse Ultiboost Bilberry 30 Tablets,$19.99
https://static.chemistwarehouse.com.au/ams/media/pi/56888/hero_150.jpg, Swisse Ultiboost Immune 60 Tablets,$14.99
https://static.chemistwarehouse.com.au/ams/media/pi/79444/hero_150.jpg, Swisse Kids Fish Oil 50 Burstlets,$9.99
https://static.chemistwarehouse.com.au/ams/media/pi/49399/hero_150.jpg, Natures Way Glucosamine + Fish Oil 200 Soft Capsules,$24.49
https://static.chemistwarehouse.com.au/ams/media/pi/80487/hero_150.jpg, Nature's Way Kids Smart Vita Gummies Multi-Vitamin for Fussy Eaters 150 Pastilles Exclusive Size,$16.99
https://static.chemistwarehouse.com.au/ams/media/pi/71916/hero_150.jpg, Nature's Way Restore Bowel & Colon Health Probiotic 30 Capsules,$21.99
https://static.chemistwarehouse.com.au/ams/media/pi/73731/hero_150.jpg, Nature's Way Osteo-K Vitamin K2 180mcg 30 Soft Capsules,$14.99
https://static.chemistwarehouse.com.au/ams/media/pi/70251/hero_150.jpg, Nature's Way Restore Daily Probiotic 90 Capsules,$35.49
https://static.chemistwarehouse.com.au/ams/media/pi/71325/hero_150.jpg, Nature's Way Kids Smart Vita Gummies Multi + Omega 50 Pastilles,$9.49
https://static.chemistwarehouse.com.au/ams/media/pi/60491/hero_150.jpg, Nature's Way Fish Oil 1000mg 200 Capsules,$8.99
https://static.chemistwarehouse.com.au/ams/media/pi/65054/hero_150.jpg, Nature's Way Vita Gummies Adult Vitamin C 120 Gummies,$12.99
https://static.chemistwarehouse.com.au/ams/media/pi/83200/hero_150.jpg, Nature's Way Kids Smart Vita Gummies Vitamin D 500IU 60 Gummies,$9.49
https://static.chemistwarehouse.com.au/ams/media/pi/72845/hero_150.jpg, Nature's Way SuperFoods Greens Plus Wild Reds 100g,$16.99
https://static.chemistwarehouse.com.au/ams/media/pi/78565/hero_150.jpg, Nature's Way Vita Gummies for Adults Vitamin D 120 Pastilles,$12.99
https://static.chemistwarehouse.com.au/ams/media/pi/75454/hero_150.jpg, Nature's Way Vita Gummies Adult Mens Multivitamin 100,$12.99
https://static.chemistwarehouse.com.au/ams/media/pi/50192/hero_150.jpg, Nature's Way Vitamin C 500mg 300 Tablets,$16.49
https://static.chemistwarehouse.com.au/ams/media/pi/80276/hero_150.jpg, Nature's Way Beauty Collagen Liquid 500ml,$22.49
https://static.chemistwarehouse.com.au/ams/media/pi/56442/hero_150.jpg, Nature's Way Kids Smart Omega-3 Fish Oil Strawberry Flavour 50 Chewable Capsules,$14.49
https://static.chemistwarehouse.com.au/ams/media/pi/84762/hero_150.jpg, Nature's Way Kids Smart Vita Gummies Blue Light Eye Defence 50 Pastilles,$16.49
https://static.chemistwarehouse.com.au/ams/media/pi/82790/hero_150.jpg, Nature's Way High Strength Magnesium 600mg 300 Tablets Exclusive Save,$24.99
https://static.chemistwarehouse.com.au/ams/media/pi/85211/hero_150.jpg, S26 Gold Alula Newborn 900g,$22.99
https://static.chemistwarehouse.com.au/ams/media/pi/83791/hero_150.jpg, Nature's Way Kids Smart Calcium + Vitamin D3 100 Chewable Tablets Exclusive Size,$12.99
https://static.chemistwarehouse.com.au/ams/media/pi/80266/hero_150.jpg, Nature's Way Kids Smart Drops DHA 20ml,$12.49
https://static.chemistwarehouse.com.au/ams/media/pi/80269/hero_150.jpg, Nature's Way Kids Smart Milk Buttons with DHA Vanilla 150 Chewable Buttons,$14.99
https://static.chemistwarehouse.com.au/ams/media/pi/83007/hero_150.jpg, Nature's Way Vita Gummies Adult Magnesium 80 Gummies,$12.99
https://static.chemistwarehouse.com.au/ams/media/pi/63112/hero_150.jpg, Nature's Way Rest and Restore Anti-Stress Night Multivitamin for Women 60 Tablets ,$16.49
https://static.chemistwarehouse.com.au/ams/media/pi/48796/hero_150.jpg, Nature's Way Mega B 200 Tablets,$17.99
https://static.chemistwarehouse.com.au/ams/media/pi/77759/hero_150.jpg, Nature's Way Magnesium Chelate 1000mg 100 Tablets,$19.49
https://static.chemistwarehouse.com.au/ams/media/pi/78394/hero_150.jpg, Blackmores Follow On Formula 900g,$23.99
https://static.chemistwarehouse.com.au/ams/media/pi/63867/hero_150.jpg, NAN Optipro Gold Stage 2 Follow-On 800g,$21.49
https://static.chemistwarehouse.com.au/ams/media/pi/88585/hero_150.jpg, Munchkin Grass Fed Milk-Based Follow On Formula Stage 2 730g Online Only,$25.99
https://static.chemistwarehouse.com.au/ams/media/pi/82709/hero_150.jpg, Bubs Goat Follow On Formula 800g Online Only,$33.69
https://static.chemistwarehouse.com.au/ams/media/pi/82647/hero_150.jpg, Oli6 Goat Formula Stage 1 Dairy Goat Infant Formula,$35.99
https://static.chemistwarehouse.com.au/ams/media/pi/85215/hero_150.jpg, S26 Original Alula L.I. 900g,$18.49
https://static.chemistwarehouse.com.au/ams/media/pi/88586/hero_150.jpg, Munchkin Grass Fed Milk-Based Infant Formula Stage 1 730g Online Only,$25.99
https://static.chemistwarehouse.com.au/ams/media/pi/68394/hero_150.jpg, Karicare+ 1 Infant Formula From Birth 0-6 Months 900g,$19.69
https://static.chemistwarehouse.com.au/ams/media/pi/85217/hero_150.jpg, S26 Original Alula Progress 900g,$16.99
https://static.chemistwarehouse.com.au/ams/media/pi/85216/hero_150.jpg, S26 Original Alula Newborn 900g,$16.99
https://static.chemistwarehouse.com.au/ams/media/pi/82710/hero_150.jpg, Bubs Goat Infant Formula 800g Online Only,$33.69
https://static.chemistwarehouse.com.au/ams/media/pi/66535/hero_150.jpg, Aptamil AR Thickened Infant Formula From Birth 0-12 Months 900g,$26.49
https://static.chemistwarehouse.com.au/ams/media/pi/89177/hero_150.jpg, NAN Organic Toddler Milk Drink Step 3 800g,$26.99
https://static.chemistwarehouse.com.au/ams/media/pi/78395/hero_150.jpg, Blackmores Newborn Formula 900g,$23.99
https://static.chemistwarehouse.com.au/ams/media/pi/56696/hero_150.jpg, Karicare+ Soy Milk Infant Formula All Ages From Birth 900g,$19.99
https://static.chemistwarehouse.com.au/ams/media/pi/72567/hero_150.jpg, NAN AR Formula 800g,$22.99
https://static.chemistwarehouse.com.au/ams/media/pi/88593/hero_150.jpg, Pediasure Strawberry 850g,$44.49
https://static.chemistwarehouse.com.au/ams/media/pi/57205/hero_150.jpg, Novalac AR Reflux Formula 800g,$29.99
https://static.chemistwarehouse.com.au/ams/media/pi/86791/hero_150.jpg, Aptamil Gold Pronutra Infant Sachet 5x21g,$5.49
https://static.chemistwarehouse.com.au/ams/media/pi/81817/hero_150.jpg, Pediasure Ready To Drink Strawberry 200ml,$3.49
https://static.chemistwarehouse.com.au/ams/media/pi/81818/hero_150.jpg, Pediasure Ready To Drink Vanilla 200ml,$3.49
https://static.chemistwarehouse.com.au/ams/media/pi/65557/hero_150.jpg, Aptamil Feed Thickener 380g,$16.69
https://static.chemistwarehouse.com.au/ams/media/pi/81816/hero_150.jpg, Pediasure Ready To Drink Chocolate 200ml,$3.49
https://static.chemistwarehouse.com.au/ams/media/pi/49751/hero_150.jpg, Blackmores I-Folic 150 Tablets,$15.99
https://static.chemistwarehouse.com.au/ams/media/pi/60412/hero_150.jpg, Blackmores Tranquil Night 60 Tablets,$17.99
https://static.chemistwarehouse.com.au/ams/media/pi/88403/hero_150.jpg, Blackmores Curcumin One A Day 30 Capsules,$19.99
https://static.chemistwarehouse.com.au/ams/media/pi/50409/hero_150.jpg, Blackmores Pregnancy and Breastfeeding Gold 60 Capsules,$21.99
https://static.chemistwarehouse.com.au/ams/media/pi/55282/hero_150.jpg, Blackmores Lyp-Sine 100 Tablets,$27.49
https://static.chemistwarehouse.com.au/ams/media/pi/31332/hero_150.jpg, Blackmores Natural Vitamin E 250IU 50 Capsules,$13.49
https://static.chemistwarehouse.com.au/ams/media/pi/75530/hero_150.jpg, Blackmores Odourless Fish Oil 200 Mini Capsules,$19.49
https://static.chemistwarehouse.com.au/ams/media/pi/58932/hero_150.jpg, Blackmores Glucosamine 1000mg 300 Tablets,$50.49
https://static.chemistwarehouse.com.au/ams/media/pi/31305/hero_150.jpg, Blackmores Acidophilus Bifidus 90 Capsules,$26.49
https://static.chemistwarehouse.com.au/ams/media/pi/31306/hero_150.jpg, Blackmores Bio C 1000mg 62 Tablets Vitamin C,$16.49
https://static.chemistwarehouse.com.au/ams/media/pi/51602/hero_150.jpg, Blackmores Mega B Complex 31 Tablets,$12.49
https://static.chemistwarehouse.com.au/ams/media/pi/60192/hero_150.jpg, Blackmores Sleep Sound Formula 30 Tablets,$18.49
https://static.chemistwarehouse.com.au/ams/media/pi/83202/hero_150.jpg, Blackmores Cold Combat Triple Action Sore Throat Lozenge 24 Pack,$8.49
https://static.chemistwarehouse.com.au/ams/media/pi/91132/hero_150.jpg, Blackmores Ashwagandha + 60 Tablets,$18.49
https://static.chemistwarehouse.com.au/ams/media/pi/74947/hero_150.jpg, Blackmores Cold Combat Multi-Symptom 24 Capsules,$12.49
https://static.chemistwarehouse.com.au/ams/media/pi/42978/hero_150.jpg, Blackmores Bio Ace Excell 150 Capsules,$60.99
https://static.chemistwarehouse.com.au/ams/media/pi/31331/hero_150.jpg, Blackmores Valerian Forte 2000mg 30 Tablets,$15.49
https://static.chemistwarehouse.com.au/ams/media/pi/56717/hero_150.jpg, Blackmores Magnesium Powder 150g,$26.99
https://static.chemistwarehouse.com.au/ams/media/pi/58799/hero_150.jpg, Blackmores Executive Sleep Formula 28 Tablets,$25.99
https://static.chemistwarehouse.com.au/ams/media/pi/44920/hero_150.jpg, Blackmores Lypsine 30 Tablets,$9.49
https://static.chemistwarehouse.com.au/ams/media/pi/91133/hero_150.jpg, Blackmores Immune + Recovery 60 Tablets,$18.49
https://static.chemistwarehouse.com.au/ams/media/pi/58935/hero_150.jpg, Blackmores Glucosamine Sulfate 1500mg One-A-Day 90 Tablets ,$29.49
https://static.chemistwarehouse.com.au/ams/media/pi/42578/hero_150.jpg, Blackmores Executive B Stress Formula 28 Tablets,$12.49
https://static.chemistwarehouse.com.au/ams/media/pi/55284/hero_150.jpg, Blackmores Omega Daily 90 Capsules,$22.99
https://static.chemistwarehouse.com.au/ams/media/pi/63081/hero_150.jpg, Swisse Organic Spirulina 100 Tablets ,$14.49
https://static.chemistwarehouse.com.au/ams/media/pi/70259/hero_150.jpg, Swisse Ultiboost Magnesium Calcium + Vitamin D 120 Tablets,$14.99
https://static.chemistwarehouse.com.au/ams/media/pi/63125/hero_150.jpg, Swisse Women's Ultivite 65+ 60 Tablets,$25.99
https://static.chemistwarehouse.com.au/ams/media/pi/81858/hero_150.jpg, Swisse Ultiboost Vitamin C + Manuka Honey 120 Tablets,$17.99
https://static.chemistwarehouse.com.au/ams/media/pi/58347/hero_150.jpg, Swisse Men's Ultivite 50+ 90 Tablets,$47.99
https://static.chemistwarehouse.com.au/ams/media/pi/71530/hero_150.jpg, Swisse Ultiboost Odourless Super Strength Wild Fish Oil 2000mg 300 Capsules,$32.49
https://static.chemistwarehouse.com.au/ams/media/pi/78702/hero_150.jpg, Swisse High Strength Organic Vitex 1500mg 60 Tablets,$22.49
https://static.chemistwarehouse.com.au/ams/media/pi/71941/hero_150.jpg, Swisse Ultiboost 4 x Strength Wild Fish Oil Concentrate 60 Capsules,$25.49
https://static.chemistwarehouse.com.au/ams/media/pi/85193/hero_150.jpg, Swisse Hair Nutrition For Men 60 Capsules,$22.99
https://static.chemistwarehouse.com.au/ams/media/pi/81467/hero_150.jpg, Swisse Ultiboost Cranberry Effervescent 60 Tablets,$22.99
https://static.chemistwarehouse.com.au/ams/media/pi/88419/hero_150.jpg, Swisse High Strength CoQ10 300mg 90 Capsules,$29.99
https://static.chemistwarehouse.com.au/ams/media/pi/63126/hero_150.jpg, Swisse Men's Ultivite 65+ 60 Tablets,$25.99
https://static.chemistwarehouse.com.au/ams/media/pi/58504/hero_150.jpg, Swisse Chlorophyll Spearmint 500ml,$12.99
https://static.chemistwarehouse.com.au/ams/media/pi/56715/hero_150.jpg, Swisse Ultiboost Mood 50 Tablets,$24.99
https://static.chemistwarehouse.com.au/ams/media/pi/59772/hero_150.jpg, Swisse Ultiboost Magnesium 60 Tablets,$15.99
https://static.chemistwarehouse.com.au/ams/media/pi/67490/hero_150.jpg, Swisse Ultiboost Mega B + 60 Tablets,$21.99
https://static.chemistwarehouse.com.au/ams/media/pi/81464/hero_150.jpg, Swisse High Strength Milk Thistle 60 Tablets,$20.49
https://static.chemistwarehouse.com.au/ams/media/pi/85769/hero_150.jpg, Swisse Ultiboost High Strength Magnesium Powder Berry 180G,$15.99
https://static.chemistwarehouse.com.au/ams/media/pi/85194/hero_150.jpg, Swisse Hair Nutrition For Women 60 Capsules,$22.99
https://static.chemistwarehouse.com.au/ams/media/pi/73682/hero_150.jpg, Swisse Ultiboost High Strength Propolis 2000mg 210 Tablets,$27.99
https://static.chemistwarehouse.com.au/ams/media/pi/71934/hero_150.jpg, Swisse Ultiboost Joint Pain Relief 90 Tablets,$22.49
https://static.chemistwarehouse.com.au/ams/media/pi/52039/hero_150.jpg, Swisse Teenage Ultivite Women's 60 Tablets,$22.99
https://static.chemistwarehouse.com.au/ams/media/pi/81468/hero_150.jpg, Swisse Ultivite Multivitamin Effervescent 60 Tablets,$23.49
https://static.chemistwarehouse.com.au/ams/media/pi/76017/hero_150.jpg, Swisse Ultiboost High Strength C 1000mg 150 Tablets,$30.49
https://static.chemistwarehouse.com.au/ams/media/pi/86157/hero_150.jpg, Nature's Way Kids Smart Vita Gummies Sugar Free Multi-Vitamin Trio 150 Pastilles,$25.99
https://static.chemistwarehouse.com.au/ams/media/pi/80267/hero_150.jpg, Nature's Way Kids Smart Drops Probiotic 20ml,$12.99
https://static.chemistwarehouse.com.au/ams/media/pi/84760/hero_150.jpg, Nature's Way Beauty Collagen Powder 120g,$22.49
https://static.chemistwarehouse.com.au/ams/media/pi/71917/hero_150.jpg, Nature's Way Restore Probiotic 30 Billion 30 Capsules,$21.99
https://static.chemistwarehouse.com.au/ams/media/pi/66517/hero_150.jpg, Nature's Way Joint Restore Osteo Krill 50caps ,$17.99
https://static.chemistwarehouse.com.au/ams/media/pi/50497/hero_150.jpg, Nature's Way Evening Primrose Oil 200 Soft Capsules,$16.49
https://static.chemistwarehouse.com.au/ams/media/pi/65979/hero_150.jpg, Nature's Way Restore Probiotic Chocolate Balls 60,$15.49
https://static.chemistwarehouse.com.au/ams/media/pi/80274/hero_150.jpg, Nature's Way Magnesium + Turmeric 150 Tablets,$30.49
https://static.chemistwarehouse.com.au/ams/media/pi/31523/hero_150.jpg, Nature's Way Garlic + C & Horseradish 200 Tablets,$16.49
https://static.chemistwarehouse.com.au/ams/media/pi/72586/hero_150.jpg, Nature's Way SuperFoods Greens Plus 100g,$16.99
https://static.chemistwarehouse.com.au/ams/media/pi/86158/hero_150.jpg, Nature's Way Kids Smart Vita Gummies Sugar Free Daily Probiotics 65 Gummies,$14.99
https://static.chemistwarehouse.com.au/ams/media/pi/72585/hero_150.jpg, Nature's Way SuperFoods Greens Plus 300g,$43.99
https://static.chemistwarehouse.com.au/ams/media/pi/82281/hero_150.jpg, Nature's Way Trinovin 90 Tablets,$55.49
https://static.chemistwarehouse.com.au/ams/media/pi/82793/hero_150.jpg, Nature's Way Activated Curcumin Joint Ease 50 Tablets,$21.99
https://static.chemistwarehouse.com.au/ams/media/pi/88003/hero_150.jpg, Nature's Way Activated Cleansing Charcoal + Apple Cider Vinegar 60 Capsules,$28.99
https://static.chemistwarehouse.com.au/ams/media/pi/84665/hero_150.jpg, Nature's Way Instant Natural Protein + Collagen Powder 300g,$23.99
https://static.chemistwarehouse.com.au/ams/media/pi/63113/hero_150.jpg, Nature's Way Advanced Omega Triple Strength Fish Oil 60 Capsules,$16.99
https://static.chemistwarehouse.com.au/ams/media/pi/80270/hero_150.jpg, Nature's Way Kids Smart Milk Buttons with Probiotics Chocolate 150 Chewable Buttons,$14.99
https://static.chemistwarehouse.com.au/ams/media/pi/72588/hero_150.jpg, Nature's Way SuperFoods Spirulina 1000mg 150 Tablets,$18.49
https://static.chemistwarehouse.com.au/ams/media/pi/86159/hero_150.jpg, Nature's Way Magnesium Gel + Arnica 100g,$12.99
https://static.chemistwarehouse.com.au/ams/media/pi/77762/hero_150.jpg, Nature's Way Restore Probiotic 100 Billion 30 Capsules,$36.99
https://static.chemistwarehouse.com.au/ams/media/pi/84763/hero_150.jpg, Nature's Way Superfoods Probiotic Powder 60 Billion 100g,$11.00
https://static.chemistwarehouse.com.au/ams/media/pi/61560/hero_150.jpg, Nature's Way Restore Daily Probiotic 28 Capsules,$12.99
https://static.chemistwarehouse.com.au/ams/media/pi/86163/hero_150.jpg, Nature's Way Super Foods Collagen Plus Turmeric 60 Tablets,$14.99
https://static.chemistwarehouse.com.au/ams/media/pi/63314/hero_150.jpg, Heinz Teething Rusks 100g,$3.49
https://static.chemistwarehouse.com.au/ams/media/pi/87791/hero_150.jpg, Aptamil Colic & Constipation 900g,$27.49
https://static.chemistwarehouse.com.au/ams/media/pi/85218/hero_150.jpg, SMA Infacare 900g,$12.99
https://static.chemistwarehouse.com.au/ams/media/pi/89436/hero_150.jpg, Biostime Premium Organic Toddler Milk Drink Stage 3 800g,$36.99
https://static.chemistwarehouse.com.au/ams/media/pi/50004/hero_150.jpg, Novalac AC Colic Infant Formula 800g,$30.49
https://static.chemistwarehouse.com.au/ams/media/pi/86792/hero_150.jpg, Aptamil Gold Pronutra Toddler Sachet 4x38g,$5.49
https://static.chemistwarehouse.com.au/ams/media/pi/85213/hero_150.jpg, S26 Gold Alula Soy 900g,$24.49
https://static.chemistwarehouse.com.au/ams/media/pi/72568/hero_150.jpg, Nan L.I Lactose Intolerance 400g,$12.49
https://static.chemistwarehouse.com.au/ams/media/pi/50005/hero_150.jpg, Novalac IT Constipation Infant Formula 800g,$30.49
https://static.chemistwarehouse.com.au/ams/media/pi/79099/hero_150.jpg, Opti Gold Toddler Milk Drink 900g,$16.99
https://static.chemistwarehouse.com.au/ams/media/pi/85042/hero_150.jpg, S26 Gold Alula Premgro 400G Online Only,$16.49
https://static.chemistwarehouse.com.au/ams/media/pi/91105/hero_150.jpg, S26 Original Alula Toddler Milk Drink 900g,$13.99
https://static.chemistwarehouse.com.au/ams/media/pi/86790/hero_150.jpg, Aptamil Gold Pronutra Follow On Sachet 4x30g,$5.49
https://static.chemistwarehouse.com.au/ams/media/pi/50003/hero_150.jpg, Novalac SD Sweet Dreams Infant Formula 800g,$30.49
https://static.chemistwarehouse.com.au/ams/media/pi/85208/hero_150.jpg, S26 Gold Alula Delicateeze 850g,$24.99
https://static.chemistwarehouse.com.au/ams/media/pi/89435/hero_150.jpg, Biostime Premium Organic Infant Formula Stage 1 800g,$38.99
https://static.chemistwarehouse.com.au/ams/media/pi/85210/hero_150.jpg, S26 Gold Alula L.I. 900g,$24.49
https://static.chemistwarehouse.com.au/ams/media/pi/85207/hero_150.jpg, S26 Gold Alula Anti Reflux 900g,$24.49
https://static.chemistwarehouse.com.au/ams/media/pi/89175/hero_150.jpg, NAN Organic Follow On Formula Step 2 800g,$33.99
https://static.chemistwarehouse.com.au/ams/media/pi/79098/hero_150.jpg, Opti Gold Infant Formula 900g,$16.99
https://static.chemistwarehouse.com.au/ams/media/pi/79097/hero_150.jpg, Opti Gold Follow On Formula 900g,$16.99
https://static.chemistwarehouse.com.au/ams/media/pi/89434/hero_150.jpg, Biostime Premium Organic Follow On Formula Stage 2 800g,$38.99
https://static.chemistwarehouse.com.au/ams/media/pi/87789/hero_150.jpg, Karicare+ 2 Follow On Formula From 6 Months Sachets 4x30.4g,$4.49
https://static.chemistwarehouse.com.au/ams/media/pi/89176/hero_150.jpg, NAN Organic Infant Formula Step 1 800g,$33.99
https://static.chemistwarehouse.com.au/ams/media/pi/52044/hero_150.jpg, Swisse Women's Ultivite 50+ 60 Tablets,$34.49
https://static.chemistwarehouse.com.au/ams/media/pi/59771/hero_150.jpg, Swisse Ultiboost Vitamin D 60 Capsules,$8.99
https://static.chemistwarehouse.com.au/ams/media/pi/85191/hero_150.jpg, Swisse Curcumin Turmeric 60 Tablets,$28.49
https://static.chemistwarehouse.com.au/ams/media/pi/85195/hero_150.jpg, Swisse Radiant Skin 60 Capsules,$22.99
https://static.chemistwarehouse.com.au/ams/media/pi/63243/hero_150.jpg, Swisse Ultiboost Vitamin D 250 Capsules,$18.99
https://static.chemistwarehouse.com.au/ams/media/pi/63448/hero_150.jpg, Swisse Chlorophyll+ 100 Tablets ,$18.99
https://static.chemistwarehouse.com.au/ams/media/pi/67492/hero_150.jpg, Swisse High Strength Chlorophyll+ 1000mg 200 Tablets,$34.99
https://static.chemistwarehouse.com.au/ams/media/pi/52040/hero_150.jpg, Swisse Teenage Men's Ultivite 60 Tablets,$22.99
https://static.chemistwarehouse.com.au/ams/media/pi/59769/hero_150.jpg, Swisse Ultiboost Liver Detox 60 Tablets,$15.49
https://static.chemistwarehouse.com.au/ams/media/pi/88757/hero_150.jpg, Swisse Ultinatal Breastfeeding Support 90 Tablets,$21.49
https://static.chemistwarehouse.com.au/ams/media/pi/83811/hero_150.jpg, Swisse Kids Vitamin D3 Liquid 30ml,$6.99
https://static.chemistwarehouse.com.au/ams/media/pi/89644/hero_150.jpg, Swisse Ultibiotic Daily Digestive Probiotic 90 Capsules,$47.99
https://static.chemistwarehouse.com.au/ams/media/pi/88759/hero_150.jpg, Swisse Ultinatal DHA + EPA Liquid for Baby 60 Capsules,$17.99
https://static.chemistwarehouse.com.au/ams/media/pi/83074/hero_150.jpg, Swisse High Strength Aged Black Garlic 120 Tablets,$34.99
https://static.chemistwarehouse.com.au/ams/media/pi/81857/hero_150.jpg, Swisse Ultiboost Milk Calcium 90 Tablets,$14.99
https://static.chemistwarehouse.com.au/ams/media/pi/84499/hero_150.jpg, Swisse Ultiboost High Strength Cinnamon 60 Tablets,$21.49
https://static.chemistwarehouse.com.au/ams/media/pi/86674/hero_150.jpg, Swisse Immune Forte 60 Tablets,$22.99
https://static.chemistwarehouse.com.au/ams/media/pi/71946/hero_150.jpg, Swisse Women's Ultivite Power 40 Tablets,$24.49
https://static.chemistwarehouse.com.au/ams/media/pi/63582/hero_150.jpg, Swisse Ultiboost Odourless High Strength Wild Fish Oil 1500mg 200 Capsules,$17.99
https://static.chemistwarehouse.com.au/ams/media/pi/81469/hero_150.jpg, Swisse Ultiboost Calcium + VItamin D Effervescent 60 Tablets,$17.99
https://static.chemistwarehouse.com.au/ams/media/pi/88758/hero_150.jpg, Swisse Ultinatal Calcium Liquid For Baby 60 Capsules,$15.99
https://static.chemistwarehouse.com.au/ams/media/pi/71947/hero_150.jpg, Swisse Men's Ultivite Power 40 Tablets,$24.49
https://static.chemistwarehouse.com.au/ams/media/pi/73681/hero_150.jpg, Swisse Ultiboost Bones 90 Tablets,$23.99
https://static.chemistwarehouse.com.au/ams/media/pi/89647/hero_150.jpg, Swisse Ultibiotic Womens Flora Probiotic 30 Capsules,$23.99
https://static.chemistwarehouse.com.au/ams/media/pi/91187/hero_150.jpg, Nature's Way Magnesium Sleep Well 60 Tablets,$19.49
https://static.chemistwarehouse.com.au/ams/media/pi/91182/hero_150.jpg, Nature's Way Joint Collagen Complex 60 Tablets,$18.49
https://static.chemistwarehouse.com.au/ams/media/pi/86160/hero_150.jpg, Nature's Way Magnesium Plus Calcium 150 Tablets,$17.99
https://static.chemistwarehouse.com.au/ams/media/pi/88001/hero_150.jpg, Nature's Way Kids Smart Liquid Multi + Iron 200ml,$14.99
https://static.chemistwarehouse.com.au/ams/media/pi/91181/hero_150.jpg, Nature's Way Immune Support 100 Tablets,$15.49
https://static.chemistwarehouse.com.au/ams/media/pi/87786/hero_150.jpg, Nature's Way Hemp Protein Vanilla 168g,$9.00
https://static.chemistwarehouse.com.au/ams/media/pi/86041/hero_150.jpg, Nature's Way SuperFoods Beauty Greens + Collagen 100g,$16.99
https://static.chemistwarehouse.com.au/ams/media/pi/91189/hero_150.jpg, Nature's Way Beauty Rosehip + Collagen 60 Tablets,$22.49
https://static.chemistwarehouse.com.au/ams/media/pi/91190/hero_150.jpg, Nature's Way Vita Gummies Adult Calcium Sugar Free 65 Pastilles,$12.99
https://static.chemistwarehouse.com.au/ams/media/pi/91191/hero_150.jpg, Nature's Way Vita Gummies Adult Immune Sugar Free 65 Pastilles,$12.99
https://static.chemistwarehouse.com.au/ams/media/pi/77760/hero_150.jpg, Natures Way Beauty Collagen Booster 60 Tablets,$22.49
https://static.chemistwarehouse.com.au/ams/media/pi/86162/hero_150.jpg, Nature's Way Apple Cider Vinegar 1200mg 90 Tablets,$22.49
https://static.chemistwarehouse.com.au/ams/media/pi/86156/hero_150.jpg, Nature's Way Kids Smart Iron Chewable 50 Tablets,$12.49
https://static.chemistwarehouse.com.au/ams/media/pi/56576/hero_150.jpg, Nature's Way Glucosamine 1500mg 180 + 20 Bonus Tablets,$25.49
https://static.chemistwarehouse.com.au/ams/media/pi/65055/hero_150.jpg, Nature's Way Vita Gummies Adult Multi-Vitamin 120 Gummies,$12.99
https://static.chemistwarehouse.com.au/ams/media/pi/62967/hero_150.jpg, Nature's Way Kids Smart Complete Multivitamin 100 Capsules,$27.49
https://static.chemistwarehouse.com.au/ams/media/pi/49295/hero_150.jpg, Nature's Way Chocolate Protein Powder 375g,$16.99
https://static.chemistwarehouse.com.au/ams/media/pi/87998/hero_150.jpg, Natures Way Multi + Probiotic 120 Capsules,$34.99
https://static.chemistwarehouse.com.au/ams/media/pi/88000/hero_150.jpg, Nature's Way Kids Smart Immunity Defence 50 Chewable Tablets,$12.49
https://static.chemistwarehouse.com.au/ams/media/pi/50074/hero_150.jpg, Nature's Way Kids Smart Omega-3 Fish Oil Fruity Flavour 50 Chewable Capsules,$14.49
https://static.chemistwarehouse.com.au/ams/media/pi/57246/hero_150.jpg, Nature's Way Kids Smart Complete Multivitamin 50 Chewable Capsules,$15.49
https://static.chemistwarehouse.com.au/ams/media/pi/91186/hero_150.jpg, Nature's Way Kids Smart Multi + Probiotics 50 Tablets,$13.99
https://static.chemistwarehouse.com.au/ams/media/pi/80268/hero_150.jpg, Nature's Way Kids Smart Drops Vitamin D 20ml,$9.49
https://static.chemistwarehouse.com.au/ams/media/pi/91188/hero_150.jpg, Nature's Way Melatonin+ 60 Tablets,$15.49
https://static.chemistwarehouse.com.au/ams/media/pi/52043/hero_150.jpg, Swisse Men's Ultivite 50+ 60 Tablets,$34.49
https://static.chemistwarehouse.com.au/ams/media/pi/57048/hero_150.jpg, Swisse Ultiboost Hair Skin Nails+ 60 Tablets,$17.99
https://static.chemistwarehouse.com.au/ams/media/pi/66393/hero_150.jpg, Swisse Ultiboost Magnesium 120 Tablets,$23.99
https://static.chemistwarehouse.com.au/ams/media/pi/89645/hero_150.jpg, Swisse Ultibiotic Daily IBS Probiotic 30 Capsules,$23.99
https://static.chemistwarehouse.com.au/ams/media/pi/81463/hero_150.jpg, Swisse High Strength Globe Artichoke 60 Tablets,$17.49
https://static.chemistwarehouse.com.au/ams/media/pi/88760/hero_150.jpg, Swisse Ultinatal Mens Pre Conception 30 Capsules,$21.49
https://static.chemistwarehouse.com.au/ams/media/pi/89646/hero_150.jpg, Swisse Ultibiotic Daily Immune Probiotic 30 Capsules,$23.99
https://static.chemistwarehouse.com.au/ams/media/pi/85192/hero_150.jpg, Swisse Age Protect 60 Capsules,$22.99
https://static.chemistwarehouse.com.au/ams/media/pi/88762/hero_150.jpg, Swisse Ultinatal Vitamin D3 Liquid For Baby 30ml,$16.49
https://static.chemistwarehouse.com.au/ams/media/pi/90412/hero_150.jpg, Swisse Ultinatal Probiotic Powder For Baby 28 Sachets,$28.49
https://static.chemistwarehouse.com.au/ams/media/pi/79795/hero_150.jpg, Swisse Ultiboost Co Enzyme Q10 150mg 180 Capsules,$39.99
https://static.chemistwarehouse.com.au/ams/media/pi/80463/hero_150.jpg, Swisse Ultiboost Lecithin 1200mg 300 Capsules,$27.49
https://static.chemistwarehouse.com.au/ams/media/pi/79445/hero_150.jpg, Swisse Kids Calcium + D3 50 Burstlets,$9.99
https://static.chemistwarehouse.com.au/ams/media/pi/85768/hero_150.jpg, Swisse Ultiboost High Strength Magnesium Powder Orange 180G,$15.99
https://static.chemistwarehouse.com.au/ams/media/pi/66044/hero_150.jpg, Swisse Ultiboost Magnesium 300mg 60 Effervescent Tablets,$15.99
https://static.chemistwarehouse.com.au/ams/media/pi/88761/hero_150.jpg, Swisse Ultinatal Pre Conception & Pregnancy 180 Capsules,$46.49
https://static.chemistwarehouse.com.au/ams/media/pi/65702/hero_150.jpg, Swisse Ultiboost Children's Smart Fish Oil 90 Capsules,$6.99
https://static.chemistwarehouse.com.au/ams/media/pi/90590/hero_150.jpg, Biostime Infant Probiotic with Vitamin D 28 Pack,$29.99
https://static.chemistwarehouse.com.au/ams/media/pi/89126/hero_150.jpg, Flaheys Future Organic Vanilla 840g Online Only,$37.99
https://static.chemistwarehouse.com.au/ams/media/pi/90934/hero_150.jpg, Bellamy's Organic Infant Formula Step 1 900g,$29.49
https://static.chemistwarehouse.com.au/ams/media/pi/90935/hero_150.jpg, Bellamy's Organic Follow On Formula Step 2 900g,$29.49
https://static.chemistwarehouse.com.au/ams/media/pi/90936/hero_150.jpg, Bellamy's Organic Toddler Milk Drink Step 3 900g,$27.49
https://static.chemistwarehouse.com.au/ams/media/pi/68813/hero_150.jpg, Aptamil Gold+ 1 AllerPro Infant Formula From Birth 0-6 Months 900g,$28.49
https://static.chemistwarehouse.com.au/ams/media/pi/87788/hero_150.jpg, Karicare+ 1 Infant Formula From Birth 0-6 Months Sachets 5x21.9g,$4.49
https://static.chemistwarehouse.com.au/ams/media/pi/55112/hero_150.jpg, Karicare+ Goats' Milk Infant Formula From Birth 0-6 Months 900g,$35.99
https://static.chemistwarehouse.com.au/ams/media/pi/80696/hero_150.jpg, Novalac Allergy Premium Infant Formula 800g,$35.49
https://static.chemistwarehouse.com.au/ams/media/pi/63148/hero_150.jpg, Aptamil Gold+ 3 Toddler Nutritional Supplement From 1 year 900g,$20.49
https://static.chemistwarehouse.com.au/ams/media/pi/73142/hero_150.jpg, Aptamil Profutura Toddler Nutritional Supplement From 1 year 900g,$27.49
https://static.chemistwarehouse.com.au/ams/media/pi/76992/hero_150.jpg, Aptamil Profutura Junior Nutritional Supplement 900g,$27.49
https://static.chemistwarehouse.com.au/ams/media/pi/63093/hero_150.jpg, Aptamil Gold+ 2 Follow-On Formula 6-12 Months 900g,$24.69
https://static.chemistwarehouse.com.au/ams/media/pi/63092/hero_150.jpg, Aptamil Gold+ 1 Infant Formula 0-6 Months 900g,$24.69
https://static.chemistwarehouse.com.au/ams/media/pi/53353/hero_150.jpg, Karicare+ Goats' Milk Follow-On Formula From 6 months 900g,$35.99
https://static.chemistwarehouse.com.au/ams/media/pi/63150/hero_150.jpg, Aptamil Gold+ 4 Junior Nutritional Supplement From 2 years 900g,$20.49
https://static.chemistwarehouse.com.au/ams/media/pi/73140/hero_150.jpg, Aptamil Profutura Follow On Formula 6-12 months 900g,$31.49
https://static.chemistwarehouse.com.au/ams/media/pi/73141/hero_150.jpg, Aptamil Profutura Infant Formula 0-6 months 900g,$31.49
https://static.chemistwarehouse.com.au/ams/media/pi/68815/hero_150.jpg, Aptamil Gold De-Lact Lactose Free Infant Formula From Birth 0-12 Months 900g,$20.99
https://static.chemistwarehouse.com.au/ams/media/pi/69965/hero_150.jpg, A2 Follow On Formula Stage 2 900g,$35.49
https://static.chemistwarehouse.com.au/ams/media/pi/69966/hero_150.jpg, A2 Infant Formula Stage 1 900g,$35.49
https://static.chemistwarehouse.com.au/ams/media/pi/69967/hero_150.jpg, A2 Premium Toddler Stage 3 900g,$29.49
https://static.chemistwarehouse.com.au/ams/media/pi/72519/hero_150.jpg, PediaSure Vanilla 850g,$44.49
https://static.chemistwarehouse.com.au/ams/media/pi/84994/hero_150.jpg, A2 Junior Stage 4 900g,$29.49
https://static.chemistwarehouse.com.au/ams/media/pi/52043/hero_150.jpg, Swisse Men's Ultivite 50+ 60 Tablets,$34.49
https://static.chemistwarehouse.com.au/ams/media/pi/57048/hero_150.jpg, Swisse Ultiboost Hair Skin Nails+ 60 Tablets,$17.99
https://static.chemistwarehouse.com.au/ams/media/pi/66393/hero_150.jpg, Swisse Ultiboost Magnesium 120 Tablets,$23.99
https://static.chemistwarehouse.com.au/ams/media/pi/89645/hero_150.jpg, Swisse Ultibiotic Daily IBS Probiotic 30 Capsules,$23.99
https://static.chemistwarehouse.com.au/ams/media/pi/81463/hero_150.jpg, Swisse High Strength Globe Artichoke 60 Tablets,$17.49
https://static.chemistwarehouse.com.au/ams/media/pi/88760/hero_150.jpg, Swisse Ultinatal Mens Pre Conception 30 Capsules,$21.49
https://static.chemistwarehouse.com.au/ams/media/pi/89646/hero_150.jpg, Swisse Ultibiotic Daily Immune Probiotic 30 Capsules,$23.99
https://static.chemistwarehouse.com.au/ams/media/pi/85192/hero_150.jpg, Swisse Age Protect 60 Capsules,$22.99
https://static.chemistwarehouse.com.au/ams/media/pi/88762/hero_150.jpg, Swisse Ultinatal Vitamin D3 Liquid For Baby 30ml,$16.49
https://static.chemistwarehouse.com.au/ams/media/pi/90412/hero_150.jpg, Swisse Ultinatal Probiotic Powder For Baby 28 Sachets,$28.49
https://static.chemistwarehouse.com.au/ams/media/pi/79795/hero_150.jpg, Swisse Ultiboost Co Enzyme Q10 150mg 180 Capsules,$39.99
https://static.chemistwarehouse.com.au/ams/media/pi/80463/hero_150.jpg, Swisse Ultiboost Lecithin 1200mg 300 Capsules,$27.49
https://static.chemistwarehouse.com.au/ams/media/pi/79445/hero_150.jpg, Swisse Kids Calcium + D3 50 Burstlets,$9.99
https://static.chemistwarehouse.com.au/ams/media/pi/85768/hero_150.jpg, Swisse Ultiboost High Strength Magnesium Powder Orange 180G,$15.99
https://static.chemistwarehouse.com.au/ams/media/pi/66044/hero_150.jpg, Swisse Ultiboost Magnesium 300mg 60 Effervescent Tablets,$15.99
https://static.chemistwarehouse.com.au/ams/media/pi/88761/hero_150.jpg, Swisse Ultinatal Pre Conception & Pregnancy 180 Capsules,$46.49
https://static.chemistwarehouse.com.au/ams/media/pi/65702/hero_150.jpg, Swisse Ultiboost Children's Smart Fish Oil 90 Capsules,$6.99
https://static.chemistwarehouse.com.au/ams/media/pi/87999/hero_150.jpg, Nature's Way Restore Probiotic + Enzymes for Gluten Free Diet 30 Capsules,$15.99
https://static.chemistwarehouse.com.au/ams/media/pi/91592/hero_150.jpg, Nature's Way Kids Smart Vita Gummies Omega Fish Oil 60 Pastilles Improved Formula,$12.49
https://static.chemistwarehouse.com.au/ams/media/pi/87790/hero_150.jpg, Karicare+ 3 Toddler Growing Up Milk From 1 Year Sachets  4x36.4G,$4.49
https://static.chemistwarehouse.com.au/ams/media/pi/87183/hero_150.jpg, OZ Farm Kids Care Vanilla 900g Online Only,$28.99
https://static.chemistwarehouse.com.au/ams/media/pi/90937/hero_150.jpg, Bellamy's Organic Junior Milk Drink Step 4 900g,$27.49
https://static.chemistwarehouse.com.au/ams/media/pi/90938/hero_150.jpg, Bellamy's Organic Pregnancy Formula For Mum 900g,$27.49
https://static.chemistwarehouse.com.au/App_Themes/AMS-CWH/Images/NoImage.jpg, Neocate LCP 400g,$43.39
